a,a,a,0
b,b,b,1
1319 At Street,Saint-Malo,WV,26310
9577 Fusce St.,Virginia Beach,KY,40464
Ap #810-4377 Magna Road,Port Glasgow,MD,20705
Ap #844-573 Feugiat. Ave,Beverlo,MD,21312
Ap #664-5249 Quam. Av.,Langenburg,OH,45725
"4903 Lorem, Rd.",Mont-Saint-AndrŽ,OH,44120
157-9981 Cum Av.,Liverpool,MD,21111
Ap #360-2548 Urna Av.,Norfolk,OH,44088
694-7525 Eget Rd.,Nanaimo,WV,24978
"P.O. Box 783, 1750 Dictum Av.",Liverpool,OH,45460
"121-7117 A, St.",Ararat,VA,20110
704-8667 Magna Rd.,Maringá,OH,44865
6054 Erat Av.,Burin,VA,20111
911-5105 Nunc Ave,Oostkerk,WV,25651
382-4704 Ligula. Rd.,Kenosha,VA,20112
445 Ut Av.,Frederick,MD,20474
"P.O. Box 333, 9643 Cras St.",Whitehorse,OH,45075
4441 Penatibus Rd.,Shaki,WV,25370
Ap #924-7891 Diam St.,Owensboro,WV,25277
763-2202 Praesent Avenue,Kent,KY,40490
159-1697 Mauris. St.,Wieze,MD,21339
"2357 Eu, St.",Itegem,OH,44522
3261 Urna Av.,Caerphilly,MD,20484
"P.O. Box 540, 1302 Mauris Av.",Ospedaletto Lodigiano,KY,41954
528-4850 Pellentesque St.,Forgaria nel Friuli,VA,20164
"P.O. Box 672, 8601 Vulputate Rd.",Rhisnes,OH,45449
Ap #264-100 Dictum Ave,Oevel,VA,20105
"P.O. Box 228, 8799 Non Av.",Clarksville,KY,41247
338-3779 Eget St.,Heerhugowaard,OH,45728
233-8227 Quisque Avenue,San Rafael,KY,40341
850-7620 Vel Av.,Ansfelden,OH,43902
6872 Fermentum Ave,Enna,MD,21083
"P.O. Box 193, 6341 Duis Rd.",Hody,WV,25905
"P.O. Box 660, 2714 Aliquet, Ave",Heist-aan-Zee,WV,26500
"P.O. Box 954, 1106 Hendrerit Av.",Pallavaram,WV,25795
5970 Velit Rd.,Nanton,OH,45400
"P.O. Box 807, 7477 Odio Rd.",Welland,OH,43481
Ap #249-6173 Vitae Street,Ostrowiec Świętokrzyski,VA,20150
644-3719 Nonummy. St.,Toulon,VA,20046
651-4828 Leo. Street,Bracknell,KY,40961
Ap #206-2695 Mollis. Av.,Pathankot,OH,43314
"P.O. Box 938, 6532 Lorem Rd.",Dorgali,OH,44037
"P.O. Box 494, 1897 Pede. St.",Mobile,MD,21131
Ap #676-3145 Eleifend Rd.,Woodlands County,WV,26858
234-6845 Donec Rd.,Pontey,WV,25080
"P.O. Box 235, 2520 Sem St.",Siegendorf,VA,20131
"P.O. Box 599, 7581 Penatibus Avenue",Sachs Harbour,KY,41592
Ap #679-7779 Ac Street,Overmere,MD,20667
403-7030 Ipsum St.,Rancagua,WV,26022
8752 Consequat St.,Jalandhar (Jullundur),WV,25455
3873 Non Ave,Minitonas,MD,21256
8265 Sed Road,Vieuxville,VA,20101
306-3754 Nisi Avenue,Eghezee,KY,41537
Ap #668-8366 Fusce Av.,Großpetersdorf,OH,45714
630-7072 Sem Road,Viesville,WV,26596
Ap #228-2898 Cum St.,Falun,MD,20987
"Ap #388-630 Eu, Ave",Swansea,VA,20130
188-3599 Nunc Rd.,Red Deer,VA,20128
3138 Nunc Rd.,Balurghat,OH,45291
213-842 Enim. Rd.,Bastogne,MD,21251
"P.O. Box 912, 3295 Eget, Avenue",Andernach,OH,45943
521-6306 Sagittis. St.,Ruthin,WV,25197
"P.O. Box 914, 9213 Tellus. Road",Oetingen,VA,20147
Ap #409-5670 Nunc Ave,Brixton,WV,26568
154 Maecenas Road,Nieuwegein,VA,20054
"P.O. Box 193, 5554 Tristique Road",Hamburg,WV,25145
2421 Arcu. Avenue,Spruce Grove,OH,45055
447 Ut St.,Halifax,VA,20059
"P.O. Box 731, 8017 Sodales Av.",Purral,KY,40551
"P.O. Box 344, 2320 Magna St.",Rajkot,KY,41842
4032 Nec Avenue,Ribnitz-Damgarten,MD,21913
Ap #842-3613 Ligula Ave,Acquasparta,MD,20331
Ap #823-7067 Felis. St.,Broechem,WV,25632
1431 Varius Rd.,Ambleside,WV,26848
8234 Venenatis Road,Cranbrook,VA,20149
Ap #868-8058 Sodales Road,Price,VA,20120
303-7567 Enim Road,Sobral,MD,20908
"782-6820 Aliquam, St.",Batiscan,WV,25758
"P.O. Box 109, 6948 Dignissim. Av.",Rajapalaiyam,OH,45162
"P.O. Box 104, 5115 Purus. Road",Abbeville,KY,41323
"4007 Non, Rd.",Ledeberg,WV,25797
"P.O. Box 477, 5236 Est Street",Swan Hills,OH,44535
Ap #493-8646 Orci Rd.,Bida,WV,25197
Ap #500-2992 Congue. St.,Cranbrook,OH,43037
5878 Senectus Street,Stoke-on-Trent,VA,20097
895-4026 Magnis Rd.,Maule,WV,25575
301-4044 Ipsum Av.,Fontecchio,KY,40182
9538 Tellus. Street,Campobasso,KY,41593
"P.O. Box 476, 4696 Vulputate, Road",Indianapolis,OH,43759
"P.O. Box 571, 8071 Aenean Street",Fleurus,WV,24874
6778 Metus. Rd.,Deline,WV,25269
Ap #137-7437 Phasellus Ave,Lincoln,OH,44307
310-8929 Scelerisque Ave,Bremerhaven,VA,20051
"P.O. Box 800, 1615 Tellus Avenue",Sacramento,MD,21371
"P.O. Box 970, 2944 Nunc Ave",Montreal,KY,41753
Ap #833-3992 Feugiat Rd.,Windsor,VA,20148
654-6066 Mi Street,Biez,OH,45223
1874 Aliquet St.,Albagiara,OH,43801
Ap #528-4983 Egestas Street,Los Andes,WV,26640
"P.O. Box 158, 1815 Dolor. Rd.",Longchamps,VA,20143
Ap #342-1165 Magna. Avenue,Bolsward,KY,42096
2825 Sagittis. Av.,Hilo,MD,21621
8679 Magna Rd.,Hay River,VA,20102
320-9537 Nunc Road,Monteroni d'Arbia,VA,20114
"P.O. Box 388, 7444 Fermentum St.",Palermo,VA,20137
130-8371 Id St.,Codigoro,KY,40341
"P.O. Box 905, 2511 Lacinia Rd.",Westkapelle,VA,20159
Ap #320-8675 Fringilla Rd.,Buin,WV,24906
1134 Mauris Road,Siddi,KY,40251
Ap #787-2084 Magna. Rd.,Stevoort,KY,42228
4407 Imperdiet Av.,Augsburg,OH,45929
Ap #241-3889 Arcu Ave,Apeldoorn,OH,43824
"167-7581 At, Rd.",Houtvenne,KY,42188
Ap #992-1551 Sem Avenue,Prestatyn,OH,45091
"Ap #337-4330 Eleifend, Avenue",Nederhasselt,MD,21032
"P.O. Box 422, 6479 Ipsum. Rd.",Maria,MD,20453
494-7470 Eget Street,Fontanigorda,WV,26456
"P.O. Box 760, 8003 Ipsum Av.",Alès,MD,21347
612-2279 Elit Road,Mönchengladbach,VA,20051
337-5663 Accumsan Road,Perk,VA,20115
886-7210 Fusce St.,Municipal District,WV,26606
"P.O. Box 448, 8474 Aenean St.",Sachs Harbour,MD,20530
650-6719 Mauris Rd.,Oudenburg,OH,45735
9714 Nulla Avenue,Sète,WV,26833
"P.O. Box 592, 9772 Sagittis. Avenue",Queenstown,KY,42095
"P.O. Box 983, 8791 Mauris Avenue",Montes Claros,OH,43430
"P.O. Box 591, 9430 Luctus Road",Jonesboro,VA,20110
"915-9884 Elementum, Rd.",Cholchol,WV,26637
"P.O. Box 454, 2834 Fermentum Rd.",Prè-Saint-Didier,OH,43511
"P.O. Box 991, 5436 Curabitur St.",Oranienburg,WV,26445
"P.O. Box 355, 5018 Ac Rd.",Petit-Thier,VA,20125
"P.O. Box 208, 3171 Nibh St.",Municipal District,OH,44696
2504 Cras St.,Chiny,WV,26245
"P.O. Box 265, 7780 Imperdiet Rd.",Lalbahadur Nagar,WV,26615
"P.O. Box 936, 7099 Rutrum Rd.",Hanret,VA,20042
9265 Nulla. St.,Doetinchem,WV,24897
"P.O. Box 974, 316 Lorem Avenue",Huntsville,WV,24811
Ap #421-1227 Consectetuer Rd.,Sankt Johann im Pongau,VA,20122
386-6598 Magna. Road,Rengo,KY,40208
Ap #865-1225 Et St.,Dole,OH,44814
"P.O. Box 550, 1381 Vitae, St.",Cambridge,VA,20056
160-4304 Dui Rd.,Weymouth,OH,44904
"Ap #630-7285 Vulputate, Road",Husum,VA,20144
490-9232 In Rd.,San Pietro Avellana,KY,40727
170-5957 Non Road,Bankura,VA,20090
"5674 Fringilla, Av.",Oostende,OH,43962
"P.O. Box 685, 9887 Pharetra. Avenue",Puchuncaví,WV,25359
"P.O. Box 360, 2966 Non, Rd.",Fredericton,KY,40004
"P.O. Box 397, 7601 Leo. St.",Ambresin,OH,43064
893-7180 Auctor. St.,Cuxhaven,MD,21618
Ap #571-8209 Phasellus Street,Blehen,KY,40265
Ap #992-3942 Adipiscing Ave,Buren,VA,20095
Ap #918-9722 Hendrerit Rd.,Portland,VA,20059
"P.O. Box 710, 7091 Lectus St.",Edmundston,OH,45728
8583 Fusce St.,Muzaffargarh,MD,21081
303-2363 Mauris Av.,Portsoy,MD,21867
"1364 In, Road",Freiberg,MD,21260
296-1169 Quam Road,Henderson,MD,21514
Ap #544-5737 Augue Road,Ñuñoa,OH,45114
363-6031 Nulla St.,Temuka,WV,26189
2510 Porta Rd.,Barasat,KY,40335
8363 Lacus. Av.,Haldia,VA,20087
"Ap #418-7855 Sed, Street",Midway,WV,26712
950-9220 Pretium Avenue,Yorkton,VA,20143
1323 Tellus. Rd.,San Francisco,MD,21713
3958 Eget Av.,Bacabal,WV,25677
"P.O. Box 527, 8398 Lorem Street",Rae Lakes,KY,42627
"P.O. Box 787, 4997 Nonummy Road",Gravilias,WV,26404
6830 Ut Av.,Soye,OH,45410
Ap #929-4650 Lacinia Rd.,Kircudbright,WV,26389
"P.O. Box 352, 6018 Id Rd.",Lions Bay,WV,26639
4614 Magna. Avenue,Zele,OH,45218
"662-2135 Orci, Street",Benestare,WV,26685
3747 Eu Street,Antártica,MD,21111
"P.O. Box 427, 2820 Neque Rd.",Coihaique,VA,20114
7799 Dolor Rd.,Tongerlo,KY,41774
Ap #719-9875 Nec Av.,Hoshiarpur,OH,44233
199-9649 In Rd.,WanfercŽe-Baulet,VA,20063
934-7141 Pede Avenue,Victoria,OH,45897
"P.O. Box 584, 5948 Mauris Ave",Lagonegro,OH,44639
"681-6203 Eu, Road",Bad Kreuznach,KY,41428
"P.O. Box 199, 4288 Dolor. St.",Calvera,MD,20717
920-795 Sagittis Avenue,Solre-Saint-GŽry,VA,20136
"P.O. Box 997, 2824 Non Avenue",Sydney,KY,40729
"P.O. Box 667, 9950 Natoque St.",Notre-Dame-du-Nord,OH,45325
Ap #549-2225 Sem Ave,Overland Park,KY,42541
729-2993 Consequat Rd.,Huissen,MD,21397
Ap #917-9028 Ornare St.,Vezin,MD,21893
Ap #950-8089 Dapibus Rd.,Maizeret,WV,26005
Ap #490-9114 Quis St.,Trani,OH,43630
"P.O. Box 400, 5672 Inceptos St.",Chépica,KY,40320
8872 Et Avenue,Gistel,MD,21049
381-6461 Ante Avenue,Castres,MD,21154
"P.O. Box 376, 5152 Erat St.",Siracusa,MD,21061
"P.O. Box 221, 2449 Molestie Rd.",Khandwa,MD,21068
467-8571 Luctus. Road,Warwick,VA,20076
380-1678 Feugiat Avenue,Colbún,MD,21026
"P.O. Box 852, 717 Sit Ave",Grande Prairie,MD,20868
Ap #701-4858 Massa Street,Autelbas,OH,45991
1117 Porttitor Ave,Montpellier,VA,20160
"Ap #105-6362 Enim, St.",Morena,OH,43487
"Ap #814-894 Amet, Street",Vitrolles,OH,44586
735-1695 Sed St.,Palmariggi,MD,21158
Ap #401-5445 Justo St.,Linköping,WV,25842
706-556 Donec St.,Dollard-des-Ormeaux,OH,43973
"P.O. Box 983, 3290 Risus. Ave",Orange,WV,25969
6894 A St.,Basirhat,VA,20057
8842 Dictum St.,Bromley,VA,20148
3665 Tristique Street,Piringen,KY,41549
"P.O. Box 374, 6929 Ut Av.",Curon Venosta/Graun im Vinschgau,OH,45100
912-3737 Curabitur Rd.,Sant'Ilario dello Ionio,OH,43737
730-1566 Ut Ave,Aurangabad,WV,26810
526-9940 In Av.,Chiusa Sclafani,OH,43411
"P.O. Box 153, 2356 Viverra. Street",Sant'Onofrio,WV,25476
Ap #675-5685 Lacus. Rd.,Ortonovo,OH,43963
Ap #188-7951 Proin Avenue,Redlands,VA,20162
7806 Orci Ave,Shrewsbury,MD,21804
Ap #833-7593 Aenean Avenue,Bathurst,VA,20151
793-7572 Nec Rd.,Agen,KY,40669
1442 Commodo Road,Ayr,WV,25855
8923 Egestas. Rd.,Tuscaloosa,MD,21706
"P.O. Box 873, 6035 Malesuada Av.",Thunder Bay,KY,41005
6187 Iaculis St.,Houthalen-Helchteren,VA,20150
Ap #808-4907 Quis St.,Lerum,VA,20041
Ap #586-3129 Donec Av.,Sulzbach,OH,45709
"P.O. Box 181, 6153 Aliquam St.",Gdańsk,WV,25914
"P.O. Box 335, 3756 Est, Av.",Vitacura,VA,20146
381-6936 Rhoncus. St.,Lichfield,WV,25327
7460 Dui Rd.,Molina,KY,42291
Ap #189-9652 Dis Av.,Serik,VA,20102
Ap #572-3322 Mi. Rd.,Ried im Innkreis,MD,21753
9271 Commodo Road,Jaboatão dos Guararapes,WV,26350
Ap #141-4636 Sit Road,Governador Valadares,MD,21101
"P.O. Box 985, 6002 Purus, Rd.",Coaldale,KY,41767
"435-5024 Pede, Avenue",Dipignano,OH,45425
8281 Purus Av.,Hollange,OH,44281
"P.O. Box 974, 5804 At Street",Andernach,VA,20146
"P.O. Box 480, 3420 Eget Av.",Malbaie,MD,21115
"504-1395 Montes, Rd.",Masone,MD,20950
8140 Enim. St.,Rodengo/Rodeneck,WV,26072
"P.O. Box 768, 9001 Luctus Avenue",Schriek,MD,21641
Ap #471-8189 Ac Av.,Deutschkreutz,WV,25431
Ap #577-3626 Quis Road,Denny,KY,40156
"P.O. Box 729, 5381 Condimentum. St.",Whyalla,VA,20044
2327 Lectus Rd.,Salzwedel,MD,20797
"9498 Sapien, Rd.",Sargodha,WV,25085
"P.O. Box 314, 5605 Felis, St.",Alwar,OH,43479
Ap #297-1737 Et Street,Koningshooikt,KY,42146
"P.O. Box 409, 503 Nulla Rd.",Bargagli,OH,43396
Ap #158-1489 Integer Rd.,Regina,MD,21601
"P.O. Box 219, 9345 Velit. Ave",Stockton-on-Tees,MD,21852
4354 Felis. St.,Denderbelle,OH,44018
"472-6534 Consectetuer, Av.",Toltén,KY,41772
"Ap #599-6398 Nec, Ave",San Francisco,WV,25611
Ap #730-2385 Eget Ave,Mespelare,KY,42625
Ap #910-9968 Vel Rd.,Eisleben,KY,41969
538-5040 Nulla. Rd.,Penco,VA,20124
"P.O. Box 264, 8674 Libero Rd.",Vijayawada,OH,43777
6287 Aliquam Street,Castiglione di Sicilia,KY,41808
"P.O. Box 757, 6118 Ut Avenue",Siegendorf,MD,21363
Ap #948-1602 Aliquet Street,Villarrica,OH,44987
"498-9255 Lectus, Rd.",Calama,OH,45485
"P.O. Box 676, 7434 Cras Avenue",Villach,VA,20041
"P.O. Box 668, 3694 A St.",Silverton,VA,20110
Ap #324-2946 Nam St.,Duisburg,WV,26864
"P.O. Box 912, 8451 A, Rd.",Chépica,VA,20073
Ap #326-9931 Etiam Rd.,Minervino di Lecce,WV,25533
4903 Et Street,Tucson,KY,41538
"P.O. Box 872, 159 Vulputate Road",Marentino,OH,44830
1184 Sit St.,H�rouxville,WV,25758
"P.O. Box 901, 7862 Quam. Rd.",Hulste,WV,25676
192-1926 Phasellus Street,Westerlo,MD,21522
646 Praesent Rd.,Maria,WV,26323
"P.O. Box 101, 6566 Nibh. Rd.",Okotoks,KY,42531
Ap #181-814 Primis Rd.,Kempten,MD,21614
5951 Nam St.,El Tabo,MD,21905
Ap #154-4869 Arcu Avenue,Pepingen,MD,21673
382-9720 Velit Avenue,Logroño,WV,24880
Ap #749-9164 Leo Rd.,Gujranwala,MD,21302
"P.O. Box 604, 2931 In Street",Thame,MD,21270
Ap #150-6690 Nullam St.,Eugene,KY,40205
"7164 Ornare, St.",San Ramón,VA,20092
6415 Euismod Rd.,Millet,OH,45808
Ap #790-7458 Phasellus St.,Constitución,MD,20964
"P.O. Box 156, 438 Ante. St.",Le Havre,OH,44959
"5868 Nec, Road",Springdale,KY,41209
3666 Libero St.,Genval,OH,44367
"P.O. Box 609, 8251 Semper St.",Dongelberg,WV,26463
6051 Ligula. St.,Kohima,KY,40292
361-7683 Duis Road,Dorval,KY,41626
"P.O. Box 715, 2016 Nunc St.",Warburg,MD,21822
590 Donec Av.,Peterhead,KY,40233
654-9656 Auctor Rd.,Warspite,MD,21847
"P.O. Box 530, 4607 Id, Rd.",Latisana,MD,20560
"P.O. Box 366, 9038 Augue, St.",Rhemes-Saint-Georges,KY,41478
746-6088 Interdum. Av.,Steendorp,OH,43524
8016 Ac Avenue,Broken Arrow,KY,40209
372-6398 Quis Rd.,Independencia,OH,45588
"P.O. Box 755, 8245 Quam, Rd.",Bonnyville Municipal District,VA,20086
"P.O. Box 541, 1533 Pede. Ave",Zignago,KY,41216
"P.O. Box 198, 4833 Urna Rd.",Morgantown,WV,26747
Ap #285-2444 Odio. Avenue,Fairmont,WV,24706
1551 Orci St.,Clarksburg,WV,25450
5683 Dolor Road,Mannington,WV,26769
889-5133 Donec Ave,Bridgeport,WV,26210
"P.O. Box 698, 3687 Adipiscing Street",Grafton,WV,25594
3940 Curae Avenue,West Union,WV,26773
