0,emp,a,0,0,a
1,cust,b,1,1,b
100,Oliver S. Scott,1319 At Street,26310,5556514143,vel.quam@pede.co.uk
101,Sigourney Romero,9577 Fusce St.,40464,5597191122,in@cursuseteros.com
102,Roth Davis,Ap #810-4377 Magna Road,20705,2703286034,eu@eget.net
103,Amir Parker,Ap #844-573 Feugiat. Ave,21312,8595520735,dui@congue.net
104,Brianna C. Guthrie,Ap #664-5249 Quam. Av.,45725,3066893913,luctus.sit@adipiscingfringillaporttitor.edu
105,Diana Curtis,"4903 Lorem, Rd.",44120,5683747188,tincidunt.pede.ac@tincidunt.org
106,Melinda J. Webb,157-9981 Cum Av.,21111,4268158161,lacus@turpisegestas.org
107,Cruz Z. Boyle,Ap #360-2548 Urna Av.,44088,1175697797,non.justo.Proin@insodales.ca
108,Ursa M. Sanchez,694-7525 Eget Rd.,24978,3441176111,In.at@leo.net
109,Lara L. Hampton,"P.O. Box 783, 1750 Dictum Av.",45460,1085773066,amet.nulla@Innec.com
110,Yasir R. House,"121-7117 A, St.",20110,4764113930,malesuada.fames@lobortisnisi.net
111,Herman H. Owen,704-8667 Magna Rd.,44865,8875403393,odio@amet.com
112,Barclay A. Dodson,6054 Erat Av.,20111,5174601799,non.quam.Pellentesque@risus.org
113,Ian Durham,911-5105 Nunc Ave,25651,4782351118,Suspendisse.ac.metus@euultrices.org
114,Wynter F. Day,382-4704 Ligula. Rd.,20112,5026439103,elit.Aliquam@ac.co.uk
115,Virginia Vinson,445 Ut Av.,20474,3098177943,Phasellus.libero@arcu.net
116,Macon M. Ward,"P.O. Box 333, 9643 Cras St.",45075,5391242619,Donec.tempus.lorem@molestie.com
117,Candace Foreman,4441 Penatibus Rd.,25370,9556657632,molestie.dapibus.ligula@ipsumleoelementum.com
118,Shea I. Sanford,Ap #924-7891 Diam St.,25277,8346865046,dui@convallisestvitae.org
119,Cheryl Keller,763-2202 Praesent Avenue,40490,9504589203,erat.vel@enimnectempus.org
120,Lisandra Bernard,159-1697 Mauris. St.,21339,9604486857,gravida@quamPellentesque.com
121,Debra Turner,"2357 Eu, St.",44522,6589715147,Curabitur.consequat.lectus@semmollis.net
122,Hedda Osborne,3261 Urna Av.,20484,6351734165,ac@maurisMorbinon.ca
123,Yoshi Z. Snow,"P.O. Box 540, 1302 Mauris Av.",41954,1814323833,ullamcorper@ridiculusmus.org
124,Trevor D. Sanford,528-4850 Pellentesque St.,20164,8864226778,a.magna@pharetraNamac.net
125,Chaim D. Nelson,"P.O. Box 672, 8601 Vulputate Rd.",45449,7951347866,Donec.egestas@duiaugueeu.com
126,Jillian N. Turner,Ap #264-100 Dictum Ave,20105,5004898022,sit.amet.metus@turpisnon.org
127,Norman R. Malone,"P.O. Box 228, 8799 Non Av.",41247,2327194029,velit.in.aliquet@at.edu
128,Odysseus Barton,338-3779 Eget St.,45728,5257772382,vel.venenatis@atvelitPellentesque.ca
129,Ayanna F. Burks,233-8227 Quisque Avenue,40341,3885823069,lacinia.Sed@orciquislectus.ca
130,Bert M. Armstrong,850-7620 Vel Av.,43902,9833722691,Aliquam@vitaerisus.co.uk
131,Danielle Daniels,6872 Fermentum Ave,21083,4399171113,magna@quam.net
132,Alexander Joyce,"P.O. Box 193, 6341 Duis Rd.",25905,9555240110,imperdiet.non@lectus.ca
133,Christian S. Cardenas,"P.O. Box 660, 2714 Aliquet, Ave",26500,3754403388,ut.ipsum@Nullamscelerisque.org
134,Jeanette Mckinney,"P.O. Box 954, 1106 Hendrerit Av.",25795,3868072151,dis.parturient@pedeetrisus.com
135,Rose Dejesus,5970 Velit Rd.,45400,3182566445,convallis.est@pellentesqueafacilisis.com
136,Aidan U. Knapp,"P.O. Box 807, 7477 Odio Rd.",43481,6342761987,purus.gravida.sagittis@condimentumDonecat.org
137,Aurelia P. Fry,Ap #249-6173 Vitae Street,20150,2634202612,Curabitur.ut@nunc.ca
138,Tamara Contreras,644-3719 Nonummy. St.,20046,2011389860,mi.lacinia.mattis@risusa.edu
139,Aretha G. Freeman,651-4828 Leo. Street,40961,9004114795,non.sapien@Suspendisseacmetus.co.uk
140,Kelsey D. Mathews,Ap #206-2695 Mollis. Av.,43314,9538957391,aliquet.sem@Crasdolordolor.edu
141,Jayme Conley,"P.O. Box 938, 6532 Lorem Rd.",44037,1332283725,Quisque.ac.libero@lorem.net
142,Lionel H. Quinn,"P.O. Box 494, 1897 Pede. St.",21131,7367883228,nascetur.ridiculus@placeratorcilacus.org
143,Tanya P. Richardson,Ap #676-3145 Eleifend Rd.,26858,4544336074,enim.condimentum@etpedeNunc.edu
144,Caesar R. Nolan,234-6845 Donec Rd.,25080,1409534640,Nunc.mauris.elit@sitamet.co.uk
145,Chaim C. Rios,"P.O. Box 235, 2520 Sem St.",20131,9786850372,sodales.Mauris.blandit@liberomauris.ca
146,May P. Lester,"P.O. Box 599, 7581 Penatibus Avenue",41592,9132950418,mollis.nec.cursus@euduiCum.com
147,Lucy Maxwell,Ap #679-7779 Ac Street,20667,3366154655,malesuada.fringilla.est@mauris.net
148,Medge Potts,403-7030 Ipsum St.,26022,3043714984,vulputate.eu@velturpisAliquam.co.uk
149,Kylan Mcgowan,8752 Consequat St.,25455,7005503665,justo.nec@cursusinhendrerit.ca
150,Ali Ruiz,3873 Non Ave,21256,1351267246,quis.turpis@sempererat.com
151,Sarah Whitley,8265 Sed Road,20101,3609110600,urna.Vivamus@temporarcu.edu
152,Noelani Good,306-3754 Nisi Avenue,41537,8712387060,eleifend.egestas.Sed@ullamcorperviverra.co.uk
153,Len C. Patterson,Ap #668-8366 Fusce Av.,45714,6391891894,Morbi.sit@lacusQuisque.co.uk
154,Karleigh M. Ratliff,630-7072 Sem Road,26596,8659947389,feugiat.non.lobortis@nonhendrerit.com
155,Candice Grant,Ap #228-2898 Cum St.,20987,3579031751,commodo.auctor@diamluctus.edu
156,Darrel A. Woods,"Ap #388-630 Eu, Ave",20130,2562724757,suscipit@Proin.net
157,Yvonne Lester,188-3599 Nunc Rd.,20128,8819571487,libero.est.congue@ut.com
158,Ariel B. Norton,3138 Nunc Rd.,45291,1703676984,ultricies.adipiscing.enim@NulladignissimMaecenas.com
159,Madonna H. Mcneil,213-842 Enim. Rd.,21251,2512427975,primis@ridiculusmus.edu
160,Sybil Shaffer,"P.O. Box 912, 3295 Eget, Avenue",45943,2135760340,quis.pede.Suspendisse@Pellentesquetincidunt.edu
161,Mariko Johns,521-6306 Sagittis. St.,25197,6821976395,luctus.ut@magna.net
162,Patrick J. Kemp,"P.O. Box 914, 9213 Tellus. Road",20147,4513747484,purus.Nullam@pretiumaliquet.co.uk
163,Thane K. Miles,Ap #409-5670 Nunc Ave,26568,4535967717,mauris.elit@CuraeDonec.org
164,Shoshana D. Lloyd,154 Maecenas Road,20054,2971210103,non.luctus.sit@hendreritaarcu.ca
165,Zenaida Watson,"P.O. Box 193, 5554 Tristique Road",25145,3298807215,sem@egestas.com
166,Sydney Mcclure,2421 Arcu. Avenue,45055,1099477218,vel.sapien.imperdiet@nuncacmattis.ca
167,Nicholas Peterson,447 Ut St.,20059,3347637992,ultrices.sit.amet@dapibus.org
168,Roary Bridges,"P.O. Box 731, 8017 Sodales Av.",40551,1319021381,dapibus.gravida.Aliquam@hendrerit.edu
169,Samantha A. Stephenson,"P.O. Box 344, 2320 Magna St.",41842,8829465632,nunc.interdum.feugiat@luctusaliquetodio.edu
170,Ivana Stout,4032 Nec Avenue,21913,6239871576,nibh.Phasellus@pellentesque.edu
171,Kiona W. Morin,Ap #842-3613 Ligula Ave,20331,7549050340,quam@magnaatortor.ca
172,Whitney D. Leblanc,Ap #823-7067 Felis. St.,25632,1669790977,non.lacinia@Maurismolestiepharetra.com
173,Cassidy Thompson,1431 Varius Rd.,26848,8179831428,bibendum.Donec.felis@egestasnunc.com
174,Mia J. Finch,8234 Venenatis Road,20149,3972433438,Sed.et.libero@lacinia.co.uk
175,Eve Mack,Ap #868-8058 Sodales Road,20120,9677402688,Aenean@nec.com
176,Ross House,303-7567 Enim Road,20908,5897311641,ultrices.Vivamus.rhoncus@urna.ca
177,Todd Burris,"782-6820 Aliquam, St.",25758,2803146197,tincidunt.dui@quisarcuvel.edu
178,Upton Stafford,"P.O. Box 109, 6948 Dignissim. Av.",45162,6954698468,odio@Aenean.edu
179,Leah Powell,"P.O. Box 104, 5115 Purus. Road",41323,1893731852,Nullam.ut.nisi@convallis.net
180,Beck N. Bernard,"4007 Non, Rd.",25797,1819915331,dolor.sit.amet@arcueu.net
181,Alma William,"P.O. Box 477, 5236 Est Street",44535,9858641904,augue.id@Nullam.co.uk
182,Maile Z. Robinson,Ap #493-8646 Orci Rd.,25197,8096358709,sem.Pellentesque.ut@blanditenim.ca
183,Mara P. Holman,Ap #500-2992 Congue. St.,43037,5483851652,mattis.Integer@nec.com
184,Dolan Y. Horne,5878 Senectus Street,20097,7262380436,cubilia@facilisisvitae.org
185,Tamekah Levy,895-4026 Magnis Rd.,25575,1254021442,ornare@Vivamussit.ca
186,Gisela Brooks,301-4044 Ipsum Av.,40182,3401627456,risus.a@uterat.edu
187,Bethany Q. Mayo,9538 Tellus. Street,41593,6923840130,felis.eget.varius@sempertellusid.ca
188,Charity U. Ramos,"P.O. Box 476, 4696 Vulputate, Road",43759,7883692534,dolor.sit@amet.edu
189,Kibo Garner,"P.O. Box 571, 8071 Aenean Street",24874,3678788965,urna.convallis.erat@egestasnunc.edu
190,Shannon Larson,6778 Metus. Rd.,25269,7542855824,Mauris.magna@feugiat.co.uk
191,Skyler G. Gibson,Ap #137-7437 Phasellus Ave,44307,4161054553,magnis@et.net
192,Amelia Hubbard,310-8929 Scelerisque Ave,20051,9779044776,neque@Loremipsumdolor.org
193,Marcia S. Castro,"P.O. Box 800, 1615 Tellus Avenue",21371,5851596982,viverra@pharetraQuisque.ca
194,Hakeem Valdez,"P.O. Box 970, 2944 Nunc Ave",41753,8841953400,nisi.sem@tinciduntnibhPhasellus.org
195,Valentine Walsh,Ap #833-3992 Feugiat Rd.,20148,1503547622,Aliquam@semmolestie.net
196,Calvin Terry,654-6066 Mi Street,45223,8844841783,eros@nibhAliquam.co.uk
197,Samson D. Stuart,1874 Aliquet St.,43801,1214305118,Nulla@purusDuiselementum.co.uk
198,Melinda Chambers,Ap #528-4983 Egestas Street,26640,1762252306,pede.Cras@leoVivamus.ca
199,Acton Riggs,"P.O. Box 158, 1815 Dolor. Rd.",20143,5565526447,ultrices.sit@tempordiamdictum.org
200,Fleur V. Parsons,Ap #342-1165 Magna. Avenue,42096,8887013364,Integer@ligulaAeneangravida.ca
201,Mariko Mcconnell,2825 Sagittis. Av.,21621,2588267717,porta.elit.a@anuncIn.edu
202,Imelda V. Burks,8679 Magna Rd.,20102,7469538306,mauris@egestasAliquamfringilla.edu
203,Ignatius L. Rush,320-9537 Nunc Road,20114,7565040756,et.rutrum.non@Nuncquisarcu.edu
204,Winter Ashley,"P.O. Box 388, 7444 Fermentum St.",20137,3812389738,mauris.ut.mi@interdum.edu
205,Leonard Peterson,130-8371 Id St.,40341,4627957342,lacus@fringillaporttitorvulputate.co.uk
206,Tate K. Gillespie,"P.O. Box 905, 2511 Lacinia Rd.",20159,6226701344,interdum.Nunc.sollicitudin@Phasellusdolorelit.net
207,Ryan C. Webster,Ap #320-8675 Fringilla Rd.,24906,9317788844,sem@sapien.org
208,Madeson Cleveland,1134 Mauris Road,40251,2901611733,Praesent.eu.dui@Donec.com
209,Maggie Nguyen,Ap #787-2084 Magna. Rd.,42228,4719073100,condimentum@penatibus.com
210,Wylie Bryan,4407 Imperdiet Av.,45929,2047989113,turpis.egestas.Fusce@enimdiam.co.uk
211,Fitzgerald P. Rose,Ap #241-3889 Arcu Ave,43824,5363744450,libero.dui@utdolordapibus.org
212,Noelani L. Hopkins,"167-7581 At, Rd.",42188,4679538567,et@lectus.com
213,Venus C. Douglas,Ap #992-1551 Sem Avenue,45091,7825551939,euismod.enim.Etiam@adipiscingelitEtiam.org
214,Imani Goodman,"Ap #337-4330 Eleifend, Avenue",21032,4583217155,natoque.penatibus.et@inconsectetueripsum.net
215,Julie D. Diaz,"P.O. Box 422, 6479 Ipsum. Rd.",20453,2475115818,nec@Nunc.net
216,Lana S. Hodge,494-7470 Eget Street,26456,4711405561,eleifend.nunc@vestibulumloremsit.edu
217,Quyn Z. Herman,"P.O. Box 760, 8003 Ipsum Av.",21347,4427663958,mauris@nislelementumpurus.ca
218,Byron M. Anderson,612-2279 Elit Road,20051,3373127327,parturient.montes@egetmagnaSuspendisse.org
219,Karina F. Blair,337-5663 Accumsan Road,20115,2345615725,Nullam.feugiat.placerat@loremvitaeodio.com
220,Libby Glover,886-7210 Fusce St.,26606,4685801535,Sed.nulla@tincidunt.com
221,Lareina W. Cortez,"P.O. Box 448, 8474 Aenean St.",20530,5881472702,ante@tristiqueaceleifend.net
222,Jaquelyn O. Tucker,650-6719 Mauris Rd.,45735,5617598758,at@molestie.ca
223,Blake Peterson,9714 Nulla Avenue,26833,8337144080,amet.luctus@Pellentesque.org
224,Elvis Figueroa,"P.O. Box 592, 9772 Sagittis. Avenue",42095,4275063975,Sed@eratvolutpatNulla.com
225,Kirk S. Harrell,"P.O. Box 983, 8791 Mauris Avenue",43430,1721205340,imperdiet@ornare.edu
226,Jordan U. Rowe,"P.O. Box 591, 9430 Luctus Road",20110,9275289235,cursus.vestibulum@nonummyut.co.uk
227,Bradley Holloway,"915-9884 Elementum, Rd.",26637,2467469422,bibendum.Donec.felis@non.edu
228,Teegan L. Hensley,"P.O. Box 454, 2834 Fermentum Rd.",43511,4477945625,ullamcorper@pede.co.uk
229,Vladimir X. Nunez,"P.O. Box 991, 5436 Curabitur St.",26445,8722909997,et.arcu.imperdiet@eget.net
230,Cleo Woods,"P.O. Box 355, 5018 Ac Rd.",20125,9991831101,et.tristique@sit.co.uk
231,Basia K. Atkins,"P.O. Box 208, 3171 Nibh St.",44696,2043098403,amet.ante.Vivamus@molestiesodales.org
232,Bree Greene,2504 Cras St.,26245,6719526988,faucibus@Suspendissealiquetmolestie.org
233,Jakeem Holman,"P.O. Box 265, 7780 Imperdiet Rd.",26615,6467860834,Aliquam@consectetuerrhoncusNullam.ca
234,Daquan I. Wynn,"P.O. Box 936, 7099 Rutrum Rd.",20042,3366374427,magna.Nam.ligula@Cum.ca
235,Clinton V. Mercado,9265 Nulla. St.,24897,9248004662,vel.nisl.Quisque@magnaCrasconvallis.edu
236,Whilemina E. Lloyd,"P.O. Box 974, 316 Lorem Avenue",24811,1413748367,vel.arcu@Donecfelis.co.uk
237,Colton H. Faulkner,Ap #421-1227 Consectetuer Rd.,20122,6263037547,vestibulum@urnaUt.com
238,Lisandra Rhodes,386-6598 Magna. Road,40208,4351076134,sodales.nisi@posuerecubilia.com
239,Tyler X. Oneil,Ap #865-1225 Et St.,44814,1866624208,orci.sem@necmaurisblandit.net
240,Ava V. Kirkland,"P.O. Box 550, 1381 Vitae, St.",20056,7593005838,vulputate.ullamcorper@eleifend.com
241,Tana C. Cochran,160-4304 Dui Rd.,44904,6804371833,Nulla@mollisDuissit.org
242,Pearl Wheeler,"Ap #630-7285 Vulputate, Road",20144,7063277226,Donec.elementum.lorem@quisdiam.com
243,Lynn Steele,490-9232 In Rd.,40727,7463873214,mattis.ornare.lectus@semmagna.co.uk
244,Pascale G. Welch,170-5957 Non Road,20090,1144900119,cursus.non@augueeutellus.co.uk
245,Shannon Q. Fleming,"5674 Fringilla, Av.",43962,8061619631,semper.dui@egestasa.org
246,Tatum Whitley,"P.O. Box 685, 9887 Pharetra. Avenue",25359,6196314421,a.aliquet@justo.ca
247,Imani Jennings,"P.O. Box 360, 2966 Non, Rd.",40004,9669734865,sollicitudin.commodo.ipsum@elementumduiquis.com
248,Nerea Vazquez,"P.O. Box 397, 7601 Leo. St.",43064,1666891300,justo.Proin.non@ultrices.net
249,Leah N. Carpenter,893-7180 Auctor. St.,21618,8807531761,tortor@Duisdignissim.net
250,Angelica Q. Yates,Ap #571-8209 Phasellus Street,40265,5999232784,erat.vel.pede@viverraMaecenasiaculis.net
251,Nomlanga Morton,Ap #992-3942 Adipiscing Ave,20095,2286130340,malesuada.fames.ac@estmauris.co.uk
252,Constance Trujillo,Ap #918-9722 Hendrerit Rd.,20059,5228591741,ut.pellentesque.eget@Maecenasornareegestas.net
253,Coby Hart,"P.O. Box 710, 7091 Lectus St.",45728,6378598841,magna.et.ipsum@necimperdietnec.ca
254,Meghan H. Wolfe,8583 Fusce St.,21081,7878719616,ac@convallisconvallisdolor.org
255,Tana Monroe,303-2363 Mauris Av.,21867,9215519597,ornare.lectus.ante@Suspendissetristiqueneque.edu
256,Bryar P. Battle,"1364 In, Road",21260,9477386939,erat.Etiam@eteuismodet.net
257,Ruth X. Salinas,296-1169 Quam Road,21514,7803057402,Nullam.vitae@nisl.net
258,Judah Noble,Ap #544-5737 Augue Road,45114,8123116014,Morbi.quis.urna@egestasascelerisque.edu
259,Hadassah C. Franklin,363-6031 Nulla St.,26189,8732926515,Donec.fringilla.Donec@rutrum.net
260,Sylvia Y. Ball,2510 Porta Rd.,40335,5505540430,Duis.ac@arcu.co.uk
261,Oleg Leach,8363 Lacus. Av.,20087,7066612262,malesuada.vel@duinec.edu
262,Kyra Haley,"Ap #418-7855 Sed, Street",26712,4138480022,velit@sit.co.uk
263,Medge Alston,950-9220 Pretium Avenue,20143,4094214641,Nunc.commodo.auctor@variusNam.net
264,Melinda M. Clarke,1323 Tellus. Rd.,21713,6205589423,Quisque.ornare@idmagna.co.uk
265,Timon S. Reilly,3958 Eget Av.,25677,9746209482,sit@ornare.co.uk
266,Myra Cote,"P.O. Box 527, 8398 Lorem Street",42627,2147570094,sociis.natoque@enimMauris.ca
267,Lamar V. Forbes,"P.O. Box 787, 4997 Nonummy Road",26404,9558262072,vulputate@nonbibendum.ca
268,Tate Holland,6830 Ut Av.,45410,2163475715,pellentesque@consectetueradipiscingelit.co.uk
269,Levi C. Lyons,Ap #929-4650 Lacinia Rd.,26389,2249861970,tempor.lorem.eget@nislQuisque.com
270,Shea K. Willis,"P.O. Box 352, 6018 Id Rd.",26639,6208630408,feugiat.Lorem.ipsum@cursuset.ca
271,Bethany D. Glover,4614 Magna. Avenue,45218,4758126346,dapibus.quam.quis@utodiovel.net
272,Ainsley Lewis,"662-2135 Orci, Street",26685,7718635553,laoreet.ipsum.Curabitur@a.edu
273,September J. Ewing,3747 Eu Street,21111,2504518595,sed@penatibuset.net
274,Isadora R. Houston,"P.O. Box 427, 2820 Neque Rd.",20114,1943363779,urna@dolor.edu
275,Kirestin W. Duncan,7799 Dolor Rd.,41774,2321495877,eget@dolornonummyac.net
276,Petra G. Weaver,Ap #719-9875 Nec Av.,44233,5032216512,a.malesuada@elit.org
277,Jessica Mcguire,199-9649 In Rd.,20063,1968798744,massa.non@venenatis.edu
278,Ebony Thornton,934-7141 Pede Avenue,45897,3104538314,arcu.Curabitur.ut@antedictum.ca
279,Hector Luna,"P.O. Box 584, 5948 Mauris Ave",44639,6816078837,Proin@morbitristiquesenectus.net
280,Quail Leblanc,"681-6203 Eu, Road",41428,8247879760,Aliquam@magna.com
281,Deanna Y. Alford,"P.O. Box 199, 4288 Dolor. St.",20717,7164974273,fermentum.metus@asollicitudinorci.com
282,Sylvia Z. Ware,920-795 Sagittis Avenue,20136,9336164080,enim.mi@eunequepellentesque.edu
283,Gabriel Potter,"P.O. Box 997, 2824 Non Avenue",40729,7677957839,velit@hendrerit.org
284,Jillian B. Maxwell,"P.O. Box 667, 9950 Natoque St.",45325,7494837138,pharetra@liberodui.co.uk
285,Hilary M. Whitfield,Ap #549-2225 Sem Ave,42541,2338506840,iaculis@idmollis.ca
286,Orlando Case,729-2993 Consequat Rd.,21397,5952800730,porta@Nunccommodo.co.uk
287,Daquan Wilcox,Ap #917-9028 Ornare St.,21893,4357752742,parturient@egestasligulaNullam.org
288,Leonard Howard,Ap #950-8089 Dapibus Rd.,26005,9693619707,fermentum.convallis@turpis.com
289,Clare S. Norton,Ap #490-9114 Quis St.,43630,6311947804,dui.semper.et@miDuis.ca
290,Leilani D. Pena,"P.O. Box 400, 5672 Inceptos St.",40320,2567763594,turpis@urnaVivamus.ca
291,Daniel I. Mcintosh,8872 Et Avenue,21049,5263117367,aliquam.eu.accumsan@acnullaIn.net
292,Quinn Wright,381-6461 Ante Avenue,21154,1396132408,ad.litora.torquent@interdumligulaeu.net
293,Echo V. Keith,"P.O. Box 376, 5152 Erat St.",21061,2487017409,Curabitur.ut.odio@sedpede.ca
294,Kermit Hodge,"P.O. Box 221, 2449 Molestie Rd.",21068,2325403537,risus.varius@vehiculaet.ca
295,Rae Livingston,467-8571 Luctus. Road,20076,9753891446,egestas.Sed@ante.ca
296,Skyler J. Sandoval,380-1678 Feugiat Avenue,21026,9687061482,vitae@scelerisquedui.net
297,Karly Gates,"P.O. Box 852, 717 Sit Ave",20868,7891972300,quis@telluseuaugue.net
298,Rooney I. Abbott,Ap #701-4858 Massa Street,45991,7996074654,turpis.egestas@nuncIn.com
299,Ivor Huber,1117 Porttitor Ave,20160,4309651846,egestas@accumsansed.net
300,Olga Gibson,"Ap #105-6362 Enim, St.",43487,9998839576,faucibus.orci@euarcuMorbi.org
301,Vanna Hartman,"Ap #814-894 Amet, Street",44586,8389079143,est.ac@urnaNullamlobortis.edu
302,Cassady Reeves,735-1695 Sed St.,21158,9688295156,enim@aliquetmolestie.co.uk
303,Raja J. Burton,Ap #401-5445 Justo St.,25842,9972401526,ornare@orci.ca
304,Dustin Sweet,706-556 Donec St.,43973,5072335414,sapien.imperdiet.ornare@IncondimentumDonec.net
305,John Hardin,"P.O. Box 983, 3290 Risus. Ave",25969,3188219415,Cras.vulputate.velit@eget.edu
306,Maya Ortega,6894 A St.,20057,3367533067,non.ante.bibendum@mi.co.uk
307,Jackson Norman,8842 Dictum St.,20148,9308856146,non.hendrerit@odiosagittis.net
308,Inez W. Young,3665 Tristique Street,41549,6872267066,Morbi@inconsequat.edu
309,Neil W. Salinas,"P.O. Box 374, 6929 Ut Av.",45100,2293775255,tempus.non@cursus.net
310,Ezra Simon,912-3737 Curabitur Rd.,43737,5956513869,semper@semegetmassa.com
311,Quyn B. Mcleod,730-1566 Ut Ave,26810,4851738636,id.mollis@portaelita.org
312,Brandon Poole,526-9940 In Av.,43411,8225807506,arcu.iaculis@nibhvulputatemauris.co.uk
313,Wendy David,"P.O. Box 153, 2356 Viverra. Street",25476,6562405366,Mauris@aliquet.net
314,Ryan K. Eaton,Ap #675-5685 Lacus. Rd.,43963,2025268439,Aenean.euismod@duiFusce.co.uk
315,Damian Foreman,Ap #188-7951 Proin Avenue,20162,2661023847,quam@augueSedmolestie.ca
316,Kaseem J. Jenkins,7806 Orci Ave,21804,1544410017,varius.orci@adlitora.net
317,Arden Reynolds,Ap #833-7593 Aenean Avenue,20151,7196567634,Maecenas@sodales.co.uk
318,Justin Navarro,793-7572 Nec Rd.,40669,5361341565,Mauris.eu.turpis@ornaresagittis.co.uk
319,Scott Hansen,1442 Commodo Road,25855,3806574557,lorem.luctus.ut@sitametlorem.edu
320,Amos F. Ellis,8923 Egestas. Rd.,21706,9001296888,convallis@quismassa.com
321,Dawn I. Barton,"P.O. Box 873, 6035 Malesuada Av.",41005,6961328233,dignissim@Vivamusnisi.net
322,Amber Noble,6187 Iaculis St.,20150,2016084331,ut.quam@urnaetarcu.ca
323,Dolan S. Day,Ap #808-4907 Quis St.,20041,6094275342,libero.Proin.sed@diam.org
324,Duncan Booth,Ap #586-3129 Donec Av.,45709,4778691431,consequat.lectus@sed.edu
325,Mari Ratliff,"P.O. Box 181, 6153 Aliquam St.",25914,5378394387,tortor@Mauris.co.uk
326,Lucas S. Camacho,"P.O. Box 335, 3756 Est, Av.",20146,3751460051,convallis@molestietortornibh.co.uk
327,Ori Cardenas,381-6936 Rhoncus. St.,25327,2717186730,natoque.penatibus.et@egestasAliquam.ca
328,Abra Park,7460 Dui Rd.,42291,4119693957,Duis.elementum@ornareIn.ca
329,Akeem O. Lynch,Ap #189-9652 Dis Av.,20102,4184472669,malesuada.vel.venenatis@primisinfaucibus.edu
330,Wesley Hampton,Ap #572-3322 Mi. Rd.,21753,6815848435,odio@euismodac.ca
331,Urielle Y. Beard,9271 Commodo Road,26350,9129089492,Vivamus.euismod.urna@sapienmolestie.ca
332,Kelly K. Hendrix,Ap #141-4636 Sit Road,21101,7247520871,eu.odio@Cras.co.uk
333,Ciaran S. Page,"P.O. Box 985, 6002 Purus, Rd.",41767,6168574349,pellentesque.eget@volutpatNulla.org
334,Ruby Calhoun,"435-5024 Pede, Avenue",45425,2345871865,magna.et.ipsum@nuncsedlibero.org
335,Ainsley A. Bennett,8281 Purus Av.,44281,6031417704,montes.nascetur@hendreritidante.co.uk
336,Buckminster George,"P.O. Box 974, 5804 At Street",20146,2175598115,erat@tristiquenequevenenatis.com
337,Yen Sharp,"P.O. Box 480, 3420 Eget Av.",21115,9193117299,dignissim.lacus.Aliquam@Duissit.net
338,Hanae Duffy,"504-1395 Montes, Rd.",20950,4198312898,nulla@ornarelibero.com
339,Sarah E. Carson,8140 Enim. St.,26072,7028160076,semper.tellus@ullamcorper.ca
340,Leslie Snider,"P.O. Box 768, 9001 Luctus Avenue",21641,6719951109,Suspendisse.aliquet@ornareliberoat.edu
341,Cruz R. Strickland,Ap #471-8189 Ac Av.,25431,2357554586,consequat.purus.Maecenas@risusQuisque.net
342,Lucian Mcclure,Ap #577-3626 Quis Road,40156,8552285980,ligula.Nullam.enim@gravidaPraesent.co.uk
343,Thane S. Freeman,"P.O. Box 729, 5381 Condimentum. St.",20044,5741939891,ipsum.Suspendisse.non@Morbimetus.co.uk
344,Nichole Cote,2327 Lectus Rd.,20797,9065829314,Proin.dolor@tortorNunccommodo.net
345,Cassidy Cervantes,"9498 Sapien, Rd.",25085,5564774941,non.lorem@lobortis.org
346,Jane Flores,"P.O. Box 314, 5605 Felis, St.",43479,6252073795,odio.a@sapien.com
347,Wyatt Rasmussen,Ap #297-1737 Et Street,42146,8364853878,vel.turpis@libero.co.uk
348,Daniel W. Hooper,"P.O. Box 409, 503 Nulla Rd.",43396,2011810808,a.feugiat.tellus@Classaptent.com
349,Veronica Carlson,Ap #158-1489 Integer Rd.,21601,5409714757,ac.arcu@eueratsemper.co.uk
350,Amela G. Sellers,"P.O. Box 219, 9345 Velit. Ave",21852,5911181500,volutpat@magnis.co.uk
351,Yolanda V. Anthony,4354 Felis. St.,44018,6912026610,quis.massa.Mauris@amet.com
352,Dakota Y. Wright,"472-6534 Consectetuer, Av.",41772,9572110756,parturient@porttitorerosnec.ca
353,Thomas Greene,"Ap #599-6398 Nec, Ave",25611,4133179105,vitae@Phasellusdolorelit.co.uk
354,Hashim V. Barnett,Ap #730-2385 Eget Ave,42625,5697302592,mattis.velit@nullavulputatedui.co.uk
355,Wynne Mckee,Ap #910-9968 Vel Rd.,41969,3383001738,Praesent.interdum.ligula@ipsumdolor.ca
356,Lee Williamson,538-5040 Nulla. Rd.,20124,3049476560,montes@ut.com
357,Cameran B. Landry,"P.O. Box 264, 8674 Libero Rd.",43777,8873158532,blandit.Nam@eget.ca
358,Lillian Washington,6287 Aliquam Street,41808,9602133884,dolor.Quisque@auctornuncnulla.co.uk
359,Vance Snider,"P.O. Box 757, 6118 Ut Avenue",21363,7772769298,sem@sempercursus.ca
360,Orson Booker,Ap #948-1602 Aliquet Street,44987,7582568908,Aenean.eget.metus@estacfacilisis.com
361,Claudia K. Howell,"498-9255 Lectus, Rd.",45485,9436605425,sit.amet.metus@laciniaSed.ca
362,Tatum Becker,"P.O. Box 676, 7434 Cras Avenue",20041,6192568410,non.lobortis.quis@Integervitaenibh.co.uk
363,Hanna U. Bell,"P.O. Box 668, 3694 A St.",20110,6308573951,molestie.arcu@purus.ca
364,Deacon N. Robinson,Ap #324-2946 Nam St.,26864,9737641188,at.nisi@euturpisNulla.org
365,Montana Osborn,"P.O. Box 912, 8451 A, Rd.",20073,9146811010,et.rutrum.eu@risus.com
366,Quinn S. Ray,Ap #326-9931 Etiam Rd.,25533,1265220649,sit.amet@luctusetultrices.co.uk
367,Ginger Hinton,4903 Et Street,41538,4632879378,Phasellus@ataugueid.org
368,Ryan Z. Gibson,"P.O. Box 872, 159 Vulputate Road",44830,7857764815,vitae.erat.vel@cursuspurusNullam.net
369,Armando O. Burks,1184 Sit St.,25758,3451448564,ante@nasceturridiculus.ca
370,Malik Albert,"P.O. Box 901, 7862 Quam. Rd.",25676,8417313411,elit.Aliquam.auctor@Cumsociis.org
371,Chase A. Byers,192-1926 Phasellus Street,21522,5453826802,Quisque@disparturient.org
372,Damon S. Simmons,646 Praesent Rd.,26323,3143968531,cursus.purus.Nullam@nibhenimgravida.org
373,Ryder O. Lowe,"P.O. Box 101, 6566 Nibh. Rd.",42531,4474434892,massa.non@gravidaPraesenteu.com
374,Cedric Woodard,Ap #181-814 Primis Rd.,21614,1247838654,cursus.Nunc@nullaCraseu.net
375,Judith J. Barker,5951 Nam St.,21905,6353086743,elementum@maurissagittis.net
376,Marcia Everett,Ap #154-4869 Arcu Avenue,21673,1804688644,orci.tincidunt.adipiscing@ligulaNullamfeugiat.net
377,Juliet George,382-9720 Velit Avenue,24880,9847211694,vel.faucibus.id@montesnascetur.ca
378,Lyle Frost,Ap #749-9164 Leo Rd.,21302,3676705827,urna.justo.faucibus@mauriselit.co.uk
379,Teegan P. Workman,"P.O. Box 604, 2931 In Street",21270,7974795968,Morbi.non@id.org
380,Rhea Y. Richardson,Ap #150-6690 Nullam St.,40205,6197976257,mi.lacinia.mattis@vehicularisusNulla.edu
381,Henry Hewitt,"7164 Ornare, St.",20092,7391831666,Donec.tincidunt@ornare.net
382,Shoshana Y. Mathis,6415 Euismod Rd.,45808,3011441969,ut.nisi@Etiam.co.uk
383,Justina Z. House,Ap #790-7458 Phasellus St.,20964,8563865358,eu@Cras.org
384,Aphrodite Buchanan,"P.O. Box 156, 438 Ante. St.",44959,8199088073,fringilla@egestasAliquamnec.edu
385,Beau D. Faulkner,"5868 Nec, Road",41209,2534389139,elit.Aliquam@ipsumsodalespurus.co.uk
386,Iris Camacho,3666 Libero St.,44367,3141764945,pede.sagittis.augue@convallisin.ca
387,Rae O. Jordan,"P.O. Box 609, 8251 Semper St.",26463,3706941065,conubia.nostra.per@Morbi.org
388,Matthew Dudley,6051 Ligula. St.,40292,3187770570,luctus@erat.co.uk
389,Magee Molina,361-7683 Duis Road,41626,8686002309,Cras.vulputate.velit@scelerisquescelerisquedui.net
390,Catherine Boyer,"P.O. Box 715, 2016 Nunc St.",21822,9593431784,Pellentesque.ut@nibhvulputatemauris.com
391,Desiree Y. Klein,590 Donec Av.,40233,1377477907,arcu@estvitae.org
392,Maia Oneill,654-9656 Auctor Rd.,21847,3241073298,sociosqu.ad.litora@tincidunttempusrisus.edu
393,Nolan Z. Moreno,"P.O. Box 530, 4607 Id, Rd.",20560,2432079669,Curabitur.sed.tortor@neceuismodin.net
394,Nash Jennings,"P.O. Box 366, 9038 Augue, St.",41478,8562663628,in.hendrerit@duisemperet.co.uk
395,Ramona Wall,746-6088 Interdum. Av.,43524,2396883081,dis.parturient@aliquetodioEtiam.edu
396,Yoko R. Nelson,8016 Ac Avenue,40209,9322425285,euismod.mauris@tinciduntcongue.org
397,Maya Berry,372-6398 Quis Rd.,45588,1531469709,ac.tellus.Suspendisse@magna.co.uk
398,Avye V. Sosa,"P.O. Box 755, 8245 Quam, Rd.",20086,2761588725,ipsum@egestas.org
399,Tamekah Bartlett,"P.O. Box 541, 1533 Pede. Ave",41216,5343638592,massa@enimEtiamimperdiet.org
