1,0,a
200,107,arcu vel quam dignissim pharetra. Nam ac nulla. In
201,108,egestas nunc sed libero. Proin sed turpis nec
202,109,vitae purus gravida sagittis. Duis
203,110,"ante dictum cursus. Nunc mauris elit,"
204,111,"in, dolor."
205,112,Mauris magna.
206,113,ligula.
207,114,"id sapien. Cras dolor dolor, tempus non,"
208,115,vitae odio sagittis semper. Nam tempor diam
209,116,gravida
210,117,Suspendisse tristique neque venenatis
211,118,"varius orci, in consequat enim diam"
212,119,"Lorem ipsum dolor sit amet, consectetuer adipiscing"
213,120,tristique senectus et netus et malesuada fames ac
214,121,"pede nec ante blandit viverra. Donec tempus, lorem fringilla"
215,122,elit erat vitae risus. Duis a mi fringilla mi lacinia
216,123,diam. Pellentesque habitant morbi tristique senectus et netus
217,124,ac mi eleifend egestas.
218,125,"lacinia vitae, sodales at, velit. Pellentesque ultricies dignissim"
219,126,"eget laoreet posuere, enim nisl elementum purus, accumsan interdum"
220,127,"dis parturient montes, nascetur ridiculus mus."
221,128,Aliquam rutrum lorem ac risus.
222,129,ipsum primis in faucibus orci luctus
223,130,in
224,131,Duis volutpat nunc sit amet metus. Aliquam erat volutpat. Nulla
225,132,porttitor scelerisque neque. Nullam nisl. Maecenas malesuada
226,133,"per conubia nostra, per"
227,134,urna. Nunc quis arcu vel quam
228,135,tellus
229,136,pretium neque. Morbi quis urna. Nunc quis arcu vel
230,137,arcu. Aliquam ultrices iaculis odio. Nam interdum enim
231,138,feugiat placerat
232,139,"sed dolor. Fusce mi lorem, vehicula et, rutrum eu, ultrices"
233,140,"at, iaculis quis, pede. Praesent eu"
234,141,"auctor vitae, aliquet nec, imperdiet nec, leo."
235,142,elementum
236,143,et ipsum cursus vestibulum. Mauris
237,144,fermentum fermentum arcu. Vestibulum ante ipsum
238,145,tristique senectus et
239,146,"libero est,"
240,147,ac mi
241,148,"enim. Sed nulla ante,"
242,149,Sed molestie. Sed id
243,150,"consectetuer adipiscing elit. Aliquam auctor, velit"
244,151,imperdiet dictum magna. Ut tincidunt orci quis
245,152,"Cras dolor dolor, tempus non, lacinia at, iaculis"
246,153,purus mauris a nunc.
247,154,"id, mollis nec,"
248,155,"ante. Maecenas mi felis, adipiscing fringilla, porttitor vulputate,"
249,156,"nulla. Integer vulputate,"
250,157,leo. Cras vehicula aliquet
251,158,adipiscing elit. Curabitur sed tortor. Integer aliquam adipiscing lacus. Ut
252,159,Sed neque. Sed eget lacus. Mauris non dui nec urna
253,160,Morbi quis urna. Nunc
254,161,"faucibus ut, nulla. Cras eu tellus eu"
255,162,vestibulum massa rutrum magna. Cras convallis convallis dolor.
256,163,sollicitudin commodo
257,164,"lectus ante dictum mi, ac mattis velit justo nec"
258,165,"nisi sem semper erat, in consectetuer ipsum nunc id enim."
259,166,Nullam feugiat placerat velit. Quisque varius. Nam porttitor
260,107,"dolor egestas rhoncus. Proin nisl sem, consequat"
261,108,quis arcu vel quam dignissim
262,109,Integer in magna. Phasellus dolor
263,110,diam eu dolor
264,111,orci. Donec nibh. Quisque nonummy ipsum non
265,112,Nulla interdum. Curabitur dictum. Phasellus in felis. Nulla tempor
266,113,In at pede. Cras vulputate velit eu sem. Pellentesque ut
267,114,"egestas hendrerit neque. In ornare sagittis felis. Donec tempor,"
268,115,penatibus
269,116,diam. Duis mi
270,117,accumsan
271,118,in sodales elit erat vitae risus. Duis a
272,119,ante. Nunc mauris
273,120,arcu vel quam dignissim pharetra. Nam
274,121,amet lorem semper auctor. Mauris vel turpis. Aliquam
275,122,"semper egestas, urna"
276,123,enim commodo hendrerit. Donec porttitor tellus non magna. Nam
277,124,Sed id risus quis diam luctus lobortis. Class
278,125,euismod mauris eu elit. Nulla facilisi. Sed neque. Sed
279,126,"viverra. Donec tempus, lorem fringilla ornare placerat, orci lacus"
280,127,neque. Morbi quis
281,128,"ipsum dolor sit amet, consectetuer adipiscing elit."
282,129,pede. Nunc
283,130,"Donec est mauris, rhoncus id, mollis nec, cursus a, enim."
284,131,lacus. Etiam bibendum fermentum
285,132,cubilia Curae; Donec tincidunt. Donec
286,133,Aliquam ultrices iaculis odio. Nam interdum
287,134,blandit
288,135,"velit eget laoreet posuere, enim nisl elementum purus,"
289,136,"et, commodo at, libero."
290,137,enim. Etiam imperdiet dictum magna. Ut tincidunt orci quis
291,138,In at pede. Cras vulputate velit eu sem. Pellentesque
292,139,nunc interdum feugiat. Sed nec metus
293,140,"penatibus et magnis dis parturient montes, nascetur ridiculus mus. Donec"
294,141,"condimentum eget, volutpat ornare, facilisis"
295,142,Sed id risus quis diam luctus lobortis. Class aptent
296,143,risus.
297,144,"Mauris vestibulum, neque sed dictum eleifend, nunc risus varius"
298,145,"malesuada augue ut lacus. Nulla tincidunt, neque vitae semper egestas,"
299,146,"egestas. Sed pharetra,"
300,147,"felis, adipiscing fringilla, porttitor vulputate,"
301,148,"adipiscing lobortis risus. In mi pede, nonummy"
302,149,orci
303,150,dui quis
304,151,libero. Proin mi. Aliquam gravida mauris
305,152,sit amet diam eu
306,153,Curabitur egestas nunc sed
307,154,lorem semper auctor. Mauris vel turpis. Aliquam adipiscing lobortis
308,155,Etiam gravida molestie arcu. Sed eu
309,156,enim. Etiam imperdiet dictum magna.
310,157,adipiscing
311,158,id
312,159,consequat dolor
313,160,Duis
314,161,"felis eget varius ultrices, mauris ipsum porta"
315,162,ipsum primis
316,163,"Nunc mauris sapien, cursus in, hendrerit consectetuer,"
317,164,"vulputate, lacus. Cras interdum. Nunc sollicitudin commodo"
318,165,"Maecenas mi felis, adipiscing fringilla, porttitor vulputate, posuere"
319,166,magna. Ut tincidunt orci
320,107,"pede, nonummy ut, molestie in, tempus eu, ligula. Aenean euismod"
321,108,aliquet magna a neque. Nullam ut nisi a odio semper
322,109,"scelerisque neque sed sem egestas blandit. Nam nulla magna,"
323,110,sagittis. Nullam vitae diam. Proin dolor.
324,111,"vulputate, nisi sem"
325,112,"lorem, vehicula et,"
326,113,Mauris eu turpis. Nulla aliquet.
327,114,nisl.
328,115,augue id ante dictum cursus.
329,116,"Nullam enim. Sed nulla ante, iaculis"
330,117,"Aliquam adipiscing lobortis risus. In mi pede,"
331,118,"accumsan sed, facilisis vitae, orci. Phasellus dapibus quam"
332,119,consectetuer adipiscing
333,120,faucibus orci luctus et ultrices posuere cubilia Curae;
334,121,Etiam
335,122,et
336,123,arcu. Aliquam ultrices
337,124,ac
338,125,Etiam imperdiet dictum magna. Ut tincidunt
339,126,mi lacinia
340,127,Duis ac arcu.
341,128,"in, hendrerit consectetuer,"
342,129,"est. Nunc ullamcorper, velit in aliquet lobortis, nisi nibh lacinia"
343,130,mauris
344,131,molestie arcu. Sed eu nibh
345,132,cursus. Integer mollis. Integer tincidunt aliquam
346,133,Integer aliquam
347,134,et arcu imperdiet ullamcorper. Duis at
348,135,iaculis
349,136,Curae; Phasellus ornare. Fusce mollis.
350,137,enim non nisi. Aenean
351,138,"Donec elementum,"
352,139,pede. Praesent eu dui. Cum sociis natoque
353,140,vulputate ullamcorper magna. Sed eu eros. Nam consequat dolor vitae
354,141,"Donec tempus, lorem fringilla ornare"
355,142,Suspendisse eleifend. Cras sed leo.
356,143,"Duis cursus, diam at pretium aliquet,"
357,144,"mollis lectus pede et risus. Quisque libero lacus, varius"
358,145,nunc sit amet metus. Aliquam
359,146,"pretium et, rutrum non, hendrerit"
360,147,sodales nisi magna sed
361,148,Vivamus molestie
362,149,dictum. Proin eget odio.
363,150,"et, magna. Praesent"
364,151,congue. In scelerisque scelerisque dui. Suspendisse ac metus vitae
365,152,"accumsan laoreet ipsum. Curabitur consequat,"
366,153,neque sed sem egestas blandit.
367,154,"sed sem egestas blandit. Nam nulla magna, malesuada vel, convallis"
368,155,Nunc mauris. Morbi non sapien molestie orci
369,156,"egestas rhoncus. Proin nisl sem, consequat"
370,157,volutpat nunc sit amet metus. Aliquam erat volutpat. Nulla
371,158,"enim. Suspendisse aliquet, sem ut cursus luctus, ipsum leo"
372,159,"blandit enim consequat purus. Maecenas libero est,"
373,160,aliquet. Proin
374,161,eu elit. Nulla facilisi. Sed neque. Sed eget lacus. Mauris
375,162,"ultrices, mauris ipsum porta elit, a feugiat tellus lorem eu"
376,163,"Mauris blandit enim consequat purus. Maecenas libero est, congue a,"
377,164,"in magna. Phasellus dolor elit, pellentesque"
378,165,"penatibus et magnis dis parturient montes, nascetur ridiculus mus."
379,166,natoque penatibus
380,107,"dui lectus rutrum urna, nec luctus felis purus"
381,108,ante. Nunc
382,109,odio. Aliquam vulputate
383,110,"pretium et, rutrum non, hendrerit id, ante. Nunc mauris sapien,"
384,111,purus ac tellus. Suspendisse sed dolor. Fusce mi
385,112,Integer vitae nibh.
386,113,"nec,"
387,114,in molestie tortor nibh sit amet orci.
388,115,"vel, convallis"
389,116,mauris ut mi. Duis
390,117,"vel, faucibus id, libero. Donec consectetuer mauris id sapien. Cras"
391,118,bibendum fermentum metus. Aenean sed pede
392,119,"parturient montes,"
393,120,risus. Donec egestas. Aliquam nec enim. Nunc
394,121,"conubia nostra,"
395,122,dignissim magna a tortor. Nunc commodo
396,123,"nonummy ultricies ornare, elit elit fermentum risus,"
397,124,ipsum. Donec sollicitudin adipiscing ligula. Aenean gravida nunc sed
398,125,mattis.
399,126,mus. Donec dignissim magna a tortor. Nunc
